channel_id,channel_name,total_views,existing_language,existing_source,unicode_detected,mistral_guess,detection_method,primary_language,notes
12498,theneedledrop,1581,,,,en,mistral,en,
12497,UFC,1347,,,,en,mistral,en,
24986,FLEXIEJAYANIME,1055,,,,ja,mistral,ja,
12534,DAZN Boxing,975,,,,en,mistral,en,
12671,Top Rank Boxing,868,,,,en,mistral,en,
17480,Alyska,426,,,,en,mistral,en,
16380,Kripparrian,400,,,,en,mistral,en,
12507,fantano,400,,,,en,mistral,en,
13308,GothamChess,368,,,,en,mistral,en,
12496,Mighty,354,,,,en,mistral,en,
12636,Blind Wave,351,,,,en,mistral,en,
12623,TMG Studios,349,,,,en,mistral,en,
12810,Fight Hub TV,346,,,,en,mistral,en,
12960,TMG Podcast Highlights,331,,,,en,mistral,en,
14401,Once Upon An Island,319,,,,zh,mistral,zh,
15412,The Normies,316,,,,en,mistral,en,
12488,ESPN MMA,310,,,,en,mistral,en,
14804,FightHype.com,289,,,,en,mistral,en,
12896,grainydays,287,,,,en,mistral,en,
15420,Mary Cherry,287,,,,en,mistral,en,
13078,Noel Miller,277,,,,en,mistral,en,
18486,UCPH COURSES,266,,,,da,mistral,da,
14995,Her Går Det Godt TV,250,,,da,,unicode,da,
12511,Emergency Awesome,247,,,,en,mistral,en,
13000,Cody Ko,245,,,,en,mistral,en,
12725,Q-dance,238,,,,nl,mistral,nl,
12616,HBO,218,,,,en,mistral,en,
12994,Willem Verbeeck,218,,,,nl,mistral,nl,
12529,VKunia,213,,,,ru,mistral,ru,
13860,Motivedia - Boxing,211,,,,en,mistral,en,
12653,Marques Brownlee,208,,,,en,mistral,en,
12578,UFC Eurasia,206,,,ru,,unicode,ru,
12694,turning the tables,205,,,,en,mistral,en,
12580,The PorterWay Podcast Clips,198,,,,en,mistral,en,
13385,Tim Dessaint,194,,,,fr,mistral,fr,
12765,FREESTYLEBENDER,191,,,,en,mistral,en,
15585,Slick Stevie,191,,,,en,mistral,en,
12667,First We Feast,184,,,,en,mistral,en,
25687,RHAP: We Know Reality TV,177,,,,en,mistral,en,
13853,BotezLive,176,,,,en,mistral,en,
13182,The Math Sorcerer,171,,,,en,mistral,en,
15426,Natalie Gold,171,,,,en,mistral,en,
12512,TheMacLife,170,,,,en,mistral,en,
12560,Marvel Entertainment,170,,,,en,mistral,en,
12577,Sky Sports Boxing,167,,,,en,mistral,en,
13049,Lex Clips,166,,,,en,mistral,en,
12564,Beyond The Trailer,158,,,,en,mistral,en,
12918,Premier Boxing Champions,155,,,,en,mistral,en,
15418,Nicholas Light TV,149,,,,en,mistral,en,
13862,BotezLive Clips,148,,,,en,mistral,en,
20208,Alana Misako,143,,,,ja,mistral,ja,
14529,Rasmus Brohave,140,,,da,,unicode,da,
15419,Letts React,138,,,,en,mistral,en,
13417,Magnus Midtbø,134,,,da,,unicode,da,
12536,Lindsay Nikole,133,,,,en,mistral,en,
13530,Joma Tech,133,,,,zh,mistral,zh,
12715,Doobydobap,132,,,,ko,mistral,ko,
13004,Insanely Chill,129,,,,en,mistral,en,
12719,Luke Barousse,128,,,,en,mistral,en,
15854,Joseph Vincent,125,,,,en,mistral,en,
12990,League of Legends,125,,,,en,mistral,en,
12847,Harmen Hoek,124,,,,nl,mistral,nl,
18644,Geek Culture Explained,123,,,,en,mistral,en,
20209,Comics Explained,123,,,,en,mistral,en,
15195,Headhunterz,122,,,,nl,mistral,nl,
12640,The Office,122,,,,en,mistral,en,
13368,Fantano Shorts,121,,,,en,mistral,en,
13146,DR P3,120,,,da,,unicode,da,
12545,TJlovesFights,120,,,,en,mistral,en,
15312,SidemenShorts,119,,,,en,mistral,en,
19258,James VS Cinema,116,,,,en,mistral,en,
12818,IMPAULSIVE Clips,115,,,,en,mistral,en,
14375,StatQuest with Josh Starmer,113,,,,en,mistral,en,
12579,Alexander Volkanovski,113,,,,en,mistral,en,
12693,path reacts,109,,,,en,mistral,en,
12854,HansPhilipVEVO,109,,,,de,mistral,de,
13425,SHOWTIME Sports,104,,,,en,mistral,en,
13032,Lex Fridman,104,,,,en,mistral,en,
13823,3Blue1Brown,103,,,,en,mistral,en,
13394,Shawn Cee,100,,,,en,mistral,en,
14946,Coding Jesus,99,,,,en,mistral,en,
12720,Alex The Analyst,98,,,,en,mistral,en,
13607,Anna Cramling,98,,,,sv,mistral,sv,
13337,Playaz Review,95,,,,en,mistral,en,
13038,Brad Taste In Music,95,,,,en,mistral,en,
12575,VIDDAL,94,,,,fr,mistral,fr,
19745,W2SClips,94,,,,en,mistral,en,
18378,Introduktion til Økonomi,90,,,da,,unicode,da,
13996,Matchroom Boxing,90,,,,en,mistral,en,
12688,CinePals,89,,,,es,mistral,es,
13674,iFL TV,88,,,,en,mistral,en,
14882,Ben Lambert,88,,,,en,mistral,en,
12612,Ethan Dumas,87,,,,en,mistral,en,
13358,The Pain Game,87,,,,en,mistral,en,
14748,BIGQUINT INDEED,85,,,,en,mistral,en,
12628,ONE Championship,84,,,,en,mistral,en,
12855,William Spaniel,81,,,,en,mistral,en,
14320,Smags,80,,,,en,mistral,en,
13854,Cody Trains,80,,,,en,mistral,en,
12795,The Modern Martial Artist,80,,,,en,mistral,en,
29925,Dr. Brenda Mondragon DC,78,,,,en,mistral,en,
13281,Roskilde Festival,78,,,da,,unicode,da,
12989,TNT Sports Boxing,78,,,,en,mistral,en,
15548,Sidemen,78,,,,en,mistral,en,
19515,Science University of Copenhagen,77,,,da,,unicode,da,
12647,Heroes Reforged,77,,,,en,mistral,en,
16292,ESO,76,,,,en,mistral,en,
18504,ritvikmath,76,,,,en,mistral,en,
13257,Daniels Pengetips,74,,,da,,unicode,da,
21771,Datalogisk Institut - Københavns Universitet,74,,,da,,unicode,da,
13354,Jon Denton,73,,,,en,mistral,en,
16055,JRE Clips,73,,,,en,mistral,en,
23444,Dimitri Bianco,71,,,,it,mistral,it,
12899,TNT Sports,71,,,,pt,mistral,pt,
16984,RT TV,71,,,,ru,mistral,ru,
12999,The Wall Street Journal,71,,,,en,mistral,en,
13470,JPEGMAFIA,69,,,,en,mistral,en,
14832,PBC ON FOX,68,,,,en,mistral,en,
17164,HTHAZE,66,,,,en,mistral,en,
12558,Force Gaming,66,,,,en,mistral,en,
14486,Cody & Ko,66,,,,ko,mistral,ko,
13102,ufcespanol,66,,,,es,mistral,es,
16677,Movieclips,65,,,,en,mistral,en,
24998,Ring Magazine,65,,,,en,mistral,en,
12666,Charles Cornell,63,,,,en,mistral,en,
20561,tameimpalaVEVO,63,,,,en,mistral,en,
12495,The Mercurial Number Six,62,,,,en,mistral,en,
13112,Matt Day,62,,,,en,mistral,en,
15864,Imon_Snow,62,,,,en,mistral,en,
12651,Cleo Abram,62,,,,pt,mistral,pt,
12942,ESNEWS,61,,,,es,mistral,es,
19055,FaZe Jev,61,,,,en,mistral,en,
13671,Gotham Clips,61,,,,en,mistral,en,
15479,KingJvpes,61,,,,en,mistral,en,
12752,Nina Drama,60,,,,es,mistral,es,
13275,Patrick Gavia,60,,,,en,mistral,en,
13338,LOKET!,59,,,,en,mistral,en,
13443,Espen Kraft,59,,,,,none,,
12739,Kurt Caz,58,,,,en,mistral,en,
12510,NPR Music,58,,,,en,mistral,en,
12687,Reel Rejects,57,,,,en,mistral,en,
14976,Extractor,56,,,,en,mistral,en,
14978,AKHi TV,56,,,,en,mistral,en,
15051,Fireship,56,,,,en,mistral,en,
14021,KSIClips,55,,,,en,mistral,en,
14324,Chicago Music Exchange,55,,,,en,mistral,en,
25958,ALL THE SMOKE FIGHT,55,,,,en,mistral,en,
12934,Seconds Out,55,,,,en,mistral,en,
19192,Johnni Gade,54,,,da,,unicode,da,
13192,bald and bankrupt,54,,,,en,mistral,en,
12879,IGN,54,,,,en,mistral,en,
25853,Mylesxiety,54,,,,en,mistral,en,
14744,REACT,54,,,,en,mistral,en,
16619,P3 x DRTV,53,,,da,,unicode,da,
25124,The Urban Rescue Ranch,53,,,,en,mistral,en,
12911,KEXP,52,,,,en,mistral,en,
12637,Chael Sonnen,52,,,,en,mistral,en,
13132,ESPN,52,,,,en,mistral,en,
12956,CNN,51,,,,en,mistral,en,
13343,sk mma,51,,,,,none,,
14151,Eager Turtle,50,,,,en,mistral,en,
12543,CanceledMMA,50,,,,en,mistral,en,
13949,PowerfulJRE,50,,,,en,mistral,en,
12723,Netflix,50,,,,en,mistral,en,
15725,Are We Still Friends?,50,,,,en,mistral,en,
15150,John Fish,49,,,,en,mistral,en,
25231,Hybrid Warrior Training,49,,,,en,mistral,en,
13278,DS Shorts,49,,,,en,mistral,en,
25073,Ailincia Anime,48,,,,ja,mistral,ja,
12621,penguinz0,48,,,,en,mistral,en,
13630,BBC Radio 1,48,,,da,,unicode,da,
15862,Mixed Martial Academic ,48,,,,en,mistral,en,
14173,All Winners Survivor,47,,,,en,mistral,en,
12714,Jet Lag: The Game,47,,,,en,mistral,en,
12760,Tibees,47,,,,ar,mistral,ar,
24197,BOXRAW,46,,,,en,mistral,en,
16841,CALEB SIMPSON,46,,,,en,mistral,en,
15982,The Urban Rescue Ranch Shorts,46,,,,en,mistral,en,
12572,Johnny Harris,45,,,,en,mistral,en,
15792,HATO,45,,,,ja,mistral,ja,
14174,Game Theory,45,,,,en,mistral,en,
22074,Mia Rasmussen,45,,,da,,unicode,da,
14354,Sam and Monica,45,,,,en,mistral,en,
13178,P3 Essensen,45,,,da,,unicode,da,
25474,ShawnCeeLIVE,45,,,,en,mistral,en,
12515,WheelemVerb,45,,,,en,mistral,en,
14743,JJ Olatunji,45,,,,en,mistral,en,
19191,Jax2nd,44,,,da,,unicode,da,
16554,Copenhagen Business School,44,,,da,,unicode,da,
14914,MIT OpenCourseWare,44,,,,en,mistral,en,
20714,Tame Impala,43,,,,en,mistral,en,
14515,Joe Greer,43,,,,en,mistral,en,
16757,Anton Nørbæk,43,,,da,,unicode,da,
25139,Nansend Sports,43,,,,ja,mistral,ja,
12492,LegendofTotalWar,42,,,,en,mistral,en,
12801,Larone,42,,,,en,mistral,en,
14154,ZP Survivor,42,,,,en,mistral,en,
18597,SebScreen,42,,,,en,mistral,en,
15408,Brave Wilderness,42,,,,en,mistral,en,
15327,Lana Blakely,42,,,,en,mistral,en,
12574,Reverb,42,,,,en,mistral,en,
12581,MMAFightingonSBN,42,,,,en,mistral,en,
24980,"Terence ""Bud"" Crawford",42,,,,en,mistral,en,
12557,FULL SEND MMA,42,,,,en,mistral,en,
13074,Entertainment Tonight,41,,,,en,mistral,en,
18734,SongPsych,41,,,,en,mistral,en,
27416,AliAnimus,41,,,ja,,unicode,ja,
24981,Backpacking Bananas,40,,,,en,mistral,en,
15579,Psyched Substance,40,,,,en,mistral,en,
13564,PreSonus Audio Electronics,40,,,,en,mistral,en,
14322,JZ0,40,,,,zh,mistral,zh,
19415,Everything Always,40,,,,en,mistral,en,
14169,Jesper Sørensen,39,,,da,,unicode,da,
14152,Survivor Legend 68,39,,,,en,mistral,en,
25651,The Perfect Mix,39,,,,en,mistral,en,
13115,Lawman Guitars,39,,,,en,mistral,en,
17922,Hallden,38,,,,sv,mistral,sv,
13442,Veritasium,38,,,,en,mistral,en,
12641,Lingualizer,38,,,,en,mistral,en,
13128,Khabib Nurmagomedov,38,,,,ru,mistral,ru,
17025,WilliamFiset,37,,,,fr,mistral,fr,
12863,Suly Solano,37,,,,es,mistral,es,
14562,Max Holloway,37,,,,en,mistral,en,
13330,JaKar,37,,,,ja,mistral,ja,
17713,The Boxing Round Up,36,,,,en,mistral,en,
12607,GQ Sports,36,,,,en,mistral,en,
13769,ShayGoon,36,,,,en,mistral,en,
13276,Bethesda Softworks,36,,,,en,mistral,en,
13960,Evan,36,,,,en,mistral,en,
17789,VNCR Clips,36,,,,,none,,
13450,Still Watching Netflix,36,,,,en,mistral,en,
13352,Tabby,35,,,,en,mistral,en,
19140,Brad At Everything,35,,,,en,mistral,en,
13183,Tech With Tim,35,,,,en,mistral,en,
17880,P3 x Musik,35,,,da,,unicode,da,
17561,TopMovieClips,35,,,,en,mistral,en,
13496,Boxing Life,35,,,,en,mistral,en,
13628,Henry Cejudo,35,,,,en,mistral,en,
25579,F.D Signifier,35,,,,en,mistral,en,
29859,ELCOACHCASEY,35,,,,en,mistral,en,
14420,Tribe Has Spoken,35,,,,en,mistral,en,
17103,Johnni Gade Reaktioner,34,,,da,,unicode,da,
13735,WIRED,34,,,,en,mistral,en,
13083,Rønde Højskole,34,,,da,,unicode,da,
26513,Shashank Kalanithi,34,,,,en,mistral,en,
12753,Avatar: The Last Airbender,34,,,,en,mistral,en,
20381,Dansk Studie Center,34,,,da,,unicode,da,
30010,Oracle Boxing,34,,,,en,mistral,en,
25595,mrnigelng,34,,,,en,mistral,en,
12926,Prime Video,34,,,,en,mistral,en,
12613,combatpwr,34,,,,en,mistral,en,
15272,jbstatistics,34,,,,en,mistral,en,
20155,Aarhus Universitet,33,,,da,,unicode,da,
16512,MMA Crazy,33,,,,en,mistral,en,
20737,Tony Jeffries,33,,,,en,mistral,en,
19215,Comicstorian,33,,,,en,mistral,en,
14858,Shane Hummus,33,,,,en,mistral,en,
13294,Mo Chen,33,,,,zh,mistral,zh,
12932,FTC Boxing,33,,,,en,mistral,en,
14262,Leon Ondieki,33,,,,,none,,
13983,Battle Bunker,33,,,,en,mistral,en,
13918,Madison Clysdale,33,,,,en,mistral,en,
13540,TNDstreams,33,,,,en,mistral,en,
12861,MalloryBros.,32,,,,en,mistral,en,
18784,Simon & Talia Clips,32,,,,en,mistral,en,
14053,Joe Gilder • Home Studio Corner,32,,,,en,mistral,en,
13145,COLORS,32,,,da,,unicode,da,
25969,KombatIQ,32,,,,en,mistral,en,
14728,NFR Podcast,32,,,,en,mistral,en,
17294,Khan Academy,32,,,,en,mistral,en,
15286,TomoFujitaMusic,32,,,,ja,mistral,ja,
13589,Adult Swim,32,,,,en,mistral,en,
17064,The Sigma Life,31,,,,en,mistral,en,
16913,ImStillDontai,31,,,,en,mistral,en,
25334,Ben Amanna,31,,,,en,mistral,en,
15189,Python Programmer,31,,,,en,mistral,en,
19259,Holden & Jen Hardman,31,,,,en,mistral,en,
20472,Ribsy,31,,,,en,mistral,en,
15104,triple j,30,,,,en,mistral,en,
12968,Queens Of The Stone Age,30,,,,en,mistral,en,
17419,SidemenReacts,30,,,,en,mistral,en,
13806,Michelle Khare,30,,,,en,mistral,en,
17317,Tomorrowland,30,,,,nl,mistral,nl,
13344,The B1M,30,,,,en,mistral,en,
12552,Amelia Dimoldenberg,30,,,,en,mistral,en,
12631,Daniel Cormier,30,,,,en,mistral,en,
14766,StayHappy,30,,,,en,mistral,en,
29981,Ana,30,,,,pt,mistral,pt,
15754,Kelsey Kreppel,30,,,,en,mistral,en,
28132,BurkeyAcademy,30,,,,en,mistral,en,
13636,Bowee,29,,,,zh,mistral,zh,
13076,tmgknees,29,,,,en,mistral,en,
17579,Bridging The Gap,29,,,,en,mistral,en,
12839,ITP MMA,29,,,,pt,mistral,pt,
14802,Boxing Social,29,,,,en,mistral,en,
13810,Chess.com,29,,,,en,mistral,en,
25217,theJAYBUDshow,29,,,,en,mistral,en,
14754,The Porter Way Podcast,29,,,,en,mistral,en,
15007,Joshua Weissman,29,,,,en,mistral,en,
12995,Kurzgesagt – In a Nutshell,28,,,,de,mistral,de,
25421,AI For The Culture,28,,,,en,mistral,en,
25216,ChompTooReal,28,,,,en,mistral,en,
19584,Mr. Robot,28,,,,en,mistral,en,
13316,Erik Van Conover,28,,,,en,mistral,en,
25661,notapom,28,,,,en,mistral,en,
12494,RuinousInsight,28,,,,en,mistral,en,
13514,Pitchfork,28,,,,en,mistral,en,
14056,TAKASHii from Japan,28,,,,ja,mistral,ja,
13672,Atlantic Records,28,,,,en,mistral,en,
14899,Josefine Simone,27,,,da,,unicode,da,
14896,Andres Vidoza,27,,,,es,mistral,es,
12766,Good Work,27,,,,en,mistral,en,
15004,Chris Chu,27,,,,en,mistral,en,
25622,Frostbreak,27,,,,en,mistral,en,
13815,Taylor Bell,27,,,,en,mistral,en,
17060,Neso Academy,27,,,,en,mistral,en,
13282,Mr2KGod,27,,,,en,mistral,en,
25420,Stanford Online,27,,,,en,mistral,en,
16618,Pushing Film,27,,,,en,mistral,en,
13075,Max,27,,,,en,mistral,en,
13670,GMHikaru,27,,,,en,mistral,en,
21789,FirstFunctional,27,,,da,,unicode,da,
12582,CrashMMA,26,,,,en,mistral,en,
13789,Propa Boxing ,26,,,,en,mistral,en,
19296,Oscar Stinson,26,,,,en,mistral,en,
21917,Kyle McDougall,26,,,,en,mistral,en,
25353,NetworkChuck,26,,,,en,mistral,en,
19670,Linus Tech Tips,26,,,,en,mistral,en,
12966,Aidin Robbins,26,,,,en,mistral,en,
19047,masteroogwgay,26,,,,en,mistral,en,
14157,Samuel Elkins,26,,,,en,mistral,en,
19440,Suzy Lu,26,,,,zh,mistral,zh,
14199,BBC Earth,26,,,,en,mistral,en,
17411,Olympics,26,,,,en,mistral,en,
12526,ExtinctZoo ,25,,,,en,mistral,en,
21358,TeamFourStar,25,,,,en,mistral,en,
19217,AUdatalogi - CSAUDK,25,,,da,,unicode,da,
12827,IT UNIVERSITY OF COPENHAGEN,25,,,da,,unicode,da,
26919,The PorterWay Podcast,25,,,,en,mistral,en,
12780,Suits Official,25,,,,en,mistral,en,
16273,TheWeasle,25,,,,en,mistral,en,
12812,f11,25,,,,en,mistral,en,
14637,Guardian News,25,,,,en,mistral,en,
12809,FIFA,25,,,,en,mistral,en,
13883,PolyMatter,25,,,,en,mistral,en,
13981,Ask Japanese,24,,,,ja,mistral,ja,
12971,BBC,24,,,,en,mistral,en,
13397,Bob the Poppop,24,,,,en,mistral,en,
13536,Tina Huang,24,,,,zh,mistral,zh,
13542,Michael Chandler,24,,,,en,mistral,en,
13576,TBS,24,,,,en,mistral,en,
13802,Club Ambition,24,,,,en,mistral,en,
13813,The Closer Look,24,,,,en,mistral,en,
13986,House of Highlights,24,,,,en,mistral,en,
14139,David Alvareeezy,24,,,,es,mistral,es,
14415,The New York Times,24,,,,en,mistral,en,
15282,UFC FOREVER,24,,,,en,mistral,en,
15730,Justin Gaethje,24,,,,en,mistral,en,
16725,DIS i Danmark,24,,,,da,mistral,da,
18906,Bruno Mars,24,,,,en,mistral,en,
25688,AntsCanada,24,,,,en,mistral,en,
25895,Ronald Finger,24,,,,en,mistral,en,
17029,HARD with STYLE,23,,,,en,mistral,en,
14805,ShowBizz The Adult,23,,,,en,mistral,en,
13521,Friends,23,,,,en,mistral,en,
15849,Vanity Fair,23,,,,en,mistral,en,
19930,Ryan Garcia,23,,,,en,mistral,en,
14176,Gotham Games,23,,,,en,mistral,en,
14153,Global TV,23,,,,,none,,
13207,Architectural Digest,23,,,,en,mistral,en,
24785,KG MAT,23,,,da,,unicode,da,
15225,UKF On Air,23,,,,en,mistral,en,
16662,DontaesBoxingNation,23,,,,en,mistral,en,
13291,Alcast,23,,,,en,mistral,en,
28104,GeoDa Software,23,,,,en,mistral,en,
13844,Binge Society ,23,,,,en,mistral,en,
14381,Bliv studerende på Københavns Universitet,23,,,da,,unicode,da,
14942,Circle Time with Kelsey Kreppel,23,,,,en,mistral,en,
14912,Screen Culture,23,,,,en,mistral,en,
15424,YaBoyRoshi,23,,,,en,mistral,en,
13346,The Economist,23,,,,en,mistral,en,
12776,Rogan Shorts,23,,,,en,mistral,en,
13885,TierZoo,23,,,,en,mistral,en,
19096,Daniel Bourke,23,,,,en,mistral,en,
25679,Katharina Schneider,23,,,ja,,unicode,ja,
12566,Outstanding Screenplays,23,,,,en,mistral,en,
13746,Squat University,22,,,,en,mistral,en,
17499,Bad Flashes,22,,,,en,mistral,en,
27767,Play On Tabletop,22,,,,en,mistral,en,
18503,Jeffrey Chasnov,22,,,,en,mistral,en,
14955,Money Moth,22,,,,en,mistral,en,
15031,Sundas Khalid,22,,,,,none,,
14538,UFC Hub,22,,,,en,mistral,en,
13143,Red Corner MMA,22,,,,en,mistral,en,
14975,Skillr Boxing,22,,,,en,mistral,en,
14167,National Geographic,22,,,,en,mistral,en,
12737,Gordon Ramsay,22,,,,en,mistral,en,
15270,Logan Paul,22,,,,en,mistral,en,
19471,Jaxstyle,22,,,da,,unicode,da,
18680,CBC Music,22,,,,en,mistral,en,
28872,HMP Contests,22,,,,en,mistral,en,
16021,Editsbyrealist,22,,,,en,mistral,en,
15649,Charli XCX,22,,,,en,mistral,en,
12655,Public Opinion,22,,,,en,mistral,en,
13293,Thu Vu data analytics,22,,,,,none,,
13712,Stranger Things,21,,,,en,mistral,en,
21943,ZONEofTECH,21,,,,en,mistral,en,
18067,Justin Schmidt,21,,,,en,mistral,en,
13552,VoteSport,21,,,,ru,mistral,ru,
15902,Amazon Prime Video UK & IE,21,,,,en,mistral,en,
17234,wildstyleznl,21,,,,en,mistral,en,
14676,Eli from Russia,21,,,,ru,mistral,ru,
14191,Anders Munk-Nielsen,21,,,,da,mistral,da,
14358,Peridiam,21,,,,en,mistral,en,
12546,Bloomberg Originals,21,,,,en,mistral,en,
13268,VisualCombo,21,,,,en,mistral,en,
14862,Fighters Corner,21,,,,en,mistral,en,
19158,KSI,21,,,,en,mistral,en,
19253,ZerkaaLive,21,,,,en,mistral,en,
15137,Tiffany Ong,21,,,,en,mistral,en,
12643,Francis Ngannou,21,,,,fr,mistral,fr,
29129,Deltia's Gaming,21,,,,en,mistral,en,
15370,MMAWeekly.com,21,,,,en,mistral,en,
13748,The Tonight Show Starring Jimmy Fallon,21,,,es,,unicode,es,
25061,Rice & Ginger,21,,,,zh,mistral,zh,
19605,MoreSidemen,21,,,,en,mistral,en,
18141,The War On Drugs,21,,,,en,mistral,en,
12659,Strike Sports,20,,,,en,mistral,en,
13801,lionheartx10,20,,,,en,mistral,en,
27055,"You, Me, & The Movies",20,,,,en,mistral,en,
17311,LM Reactions,20,,,,en,mistral,en,
17333,SithDev,20,,,,en,mistral,en,
14578,NardwuarServiette,20,,,,en,mistral,en,
13583,Boiler Room,20,,,da,,unicode,da,
12649,Lionel Rivera,20,,,es,,unicode,es,
18948,Forsvarets uddannelser,20,,,da,,unicode,da,
12645,Dan Dunn,20,,,,en,mistral,en,
13177,Noel Miller Presents,20,,,,en,mistral,en,
19437,Thais - Yoga 요가,20,,,ko,,unicode,ko,
16530,Thogden,20,,,,,none,,
18077,Dropouts Podcast,20,,,,en,mistral,en,
12738,Peacock,20,,,,en,mistral,en,
12846,Martial Liam,20,,,,fr,mistral,fr,
25002,ILIA TOPURIA,20,,,,ru,mistral,ru,
25634,Turki Alalshikh,20,,,ar,,unicode,ar,
13905,ABC News,20,,,,en,mistral,en,
13546,Alex Ball,20,,,,en,mistral,en,
19473,PewDiePie,20,,,,sv,mistral,sv,
18450,William Sheepskin,19,,,,en,mistral,en,
13398,Shelby's Shuffle Mode,19,,,,en,mistral,en,
14673,VICE News,19,,,,en,mistral,en,
12605,Boxing King Media,19,,,,en,mistral,en,
18545,Joma Shorts,19,,,,,none,,
14645,Corey Wolfenbarger,19,,,,en,mistral,en,
19039,TV Promos,19,,,,en,mistral,en,
14038,Survivor Fan,19,,,,en,mistral,en,
15003,Munchies,19,,,,en,mistral,en,
13822,Dylan Anderson,19,,,,en,mistral,en,
25290,Suga Sean O'Malley,19,,,,en,mistral,en,
25267,"Merab ""The Machine"" Dvalishvili",19,,,ka,,unicode,ka,
18546,Coding with Lewis,19,,,,en,mistral,en,
25149,Mike Cole,19,,,,en,mistral,en,
15903,GEN,19,,,,en,mistral,en,
13765,YMH Studios,19,,,,en,mistral,en,
13750,MMA On Point,19,,,,en,mistral,en,
13673,Frank Warren's Queensberry Promotions,19,,,,en,mistral,en,
14242,Vox,19,,,,en,mistral,en,
13977,BBC News,19,,,,en,mistral,en,
14325,pedal partners,19,,,,en,mistral,en,
12925,Majorkill,19,,,,en,mistral,en,
25619,Sanchild Official,18,,,,,none,,
13829,Steven Schapiro,18,,,,en,mistral,en,
19465,IMPAULSIVE,18,,,,en,mistral,en,
12684,Late to the Party,18,,,,en,mistral,en,
26420,MMA TODAY,18,,,,en,mistral,en,
13616,VICE,18,,,,en,mistral,en,
26284,OTexts,18,,,,pt,mistral,pt,
19626,Beat Academy,18,,,,en,mistral,en,
17814,Comedy Bites,18,,,,en,mistral,en,
25435,Russian School of Boxing,18,,,,ru,mistral,ru,
15780,Little Giant Boxing,18,,,,en,mistral,en,
14646,KyloTheDoge,18,,,,en,mistral,en,
25494,Mighty Mouse Clips ,18,,,,en,mistral,en,
16982,Jake Paul,18,,,,en,mistral,en,
24996,Pound 4 Pound with Kamaru & Henry,18,,,,en,mistral,en,
18404,SHAPING NEW TOMORROW,18,,,da,,unicode,da,
19102,MiniminterExtra,18,,,,en,mistral,en,
19327,failwhale34,18,,,,en,mistral,en,
25711,The Exclusive With Sharon Tharp,18,,,,en,mistral,en,
13089,Something Witty Entertainment,18,,,,en,mistral,en,
16693,Idoled Out,18,,,,en,mistral,en,
19090,Aarhus BSS,18,,,da,,unicode,da,
13270,MMA Junkie,18,,,,en,mistral,en,
17110,Citatplakat dk,18,,,da,,unicode,da,
13271,JulseyHipHop,17,,,,en,mistral,en,
18471,ReliqueOz23,17,,,,en,mistral,en,
17712,youtube-economist,17,,,,en,mistral,en,
14519,Middle 8,17,,,,en,mistral,en,
14060,Variety,17,,,,en,mistral,en,
14617,FREESTYLEBENDER CLIPS ,17,,,,en,mistral,en,
26242,Yasmina Reacts,17,,,,en,mistral,en,
31529,ANTalks,17,,,,en,mistral,en,
14367,Miniminter,17,,,,en,mistral,en,
25745,Keyshawn Davis,17,,,,en,mistral,en,
25671,Infinite Codes,17,,,,en,mistral,en,
13835,Fast & Funny with Craig,17,,,,en,mistral,en,
13767,B-Side Rap Reviews,17,,,,en,mistral,en,
13643,UNDERGROUND ODDITIES,17,,,,en,mistral,en,
15486,Zach Star,17,,,,en,mistral,en,
13642,MMA Clipmaster,17,,,,en,mistral,en,
21881,SivHD,17,,,ja,,unicode,ja,
15812,Full Mount MMA,17,,,,en,mistral,en,
21822,Necrit,17,,,,tr,mistral,tr,
20733,KLR Productions,17,,,,en,mistral,en,
12521,Total War,17,,,,en,mistral,en,
16047,The Fight Game,17,,,,en,mistral,en,
12814,WesHammer,17,,,,en,mistral,en,
16466,Motivedia - MMA,17,,,,en,mistral,en,
13491,Apple Music,17,,,,en,mistral,en,
12933,BOXING MANE,17,,,,en,mistral,en,
13459,DannyDamianPhoto,17,,,,en,mistral,en,
19098,Channel 5 with Andrew Callaghan,17,,,,en,mistral,en,
18891,Inquisitive Minds,17,,,,en,mistral,en,
18699,Benj Haisch,17,,,,de,mistral,de,
13341,Ultimate MMA,17,,,,en,mistral,en,
17221,freeCodeCamp.org,17,,,,en,mistral,en,
14350,Vogue,17,,,,en,mistral,en,
18630,Eddie Woo,17,,,,en,mistral,en,
25030,DELI,16,,,,de,mistral,de,
26757,TAKASHii,16,,,,ja,mistral,ja,
27571,Magdalena Bay,16,,,,en,mistral,en,
12987,Boxing News,16,,,,en,mistral,en,
13783,GQ,16,,,,en,mistral,en,
25291,Thu Vu,16,,,,,none,,
12638,Wet Magic,16,,,,en,mistral,en,
16679,LiaMarieJohnson,16,,,,en,mistral,en,
14476,Hafu Go,16,,,,ja,mistral,ja,
13892,ChessBase India,16,,,,en,mistral,en,
13897,AddictedMMA,16,,,,en,mistral,en,
14786,Shan Rizwan,16,,,,,none,,
12559,The Schmo,16,,,,en,mistral,en,
14020,Behzinga,16,,,,en,mistral,en,
17033,Michael Bisping,16,,,,en,mistral,en,
17070,Bryan Swain,16,,,,en,mistral,en,
17663,ZMOOVEY,16,,,,en,mistral,en,
13345,GJ_Chess,16,,,,en,mistral,en,
12537,Father John Misty,16,,,,en,mistral,en,
18570,NorthernHurricane7,16,,,,en,mistral,en,
17170,Gorillaz,16,,,,en,mistral,en,
14563,Sing King,16,,,,zh,mistral,zh,
17195,Zach Justice,16,,,,en,mistral,en,
18657,GameofThrones,16,,,,en,mistral,en,
13211,Daily Dose Of Internet,16,,,,en,mistral,en,
20929,Fender,16,,,,en,mistral,en,
23376,Derek Banas,16,,,,en,mistral,en,
24975,The Ariel Helwani Show,16,,,,en,mistral,en,
15461,Pro Boxing Fans,16,,,,en,mistral,en,
12695,InsideFighting,15,,,,en,mistral,en,
17027,Fit Vibes Daily,15,,,,en,mistral,en,
13579,DAVECHER,15,,,,en,mistral,en,
15939,WAR MMA,15,,,,pt,mistral,pt,
18936,Klicks,15,,,,en,mistral,en,
19485,W2S+,15,,,,en,mistral,en,
15432,ur internet mom ash,15,,,,en,mistral,en,
26011,Natty,15,,,,en,mistral,en,
17223,Bertel Schjerning,15,,,,da,mistral,da,
25064,tamerail,15,,,,zh,mistral,zh,
25083,A Clockwork Reader,15,,,,en,mistral,en,
25110,Adam Ondra,15,,,da,,unicode,da,
16570,Behind The Gloves,15,,,,en,mistral,en,
17995,Kayla Kosuga,15,,,,en,mistral,en,
12489,Zerkovich,15,,,,ru,mistral,ru,
14551,House M.D.,15,,,,en,mistral,en,
17571,Charming Jo 조매력,15,,,ko,,unicode,ko,
19695,Hell's Kitchen,15,,,,en,mistral,en,
26455,projectMaria,15,,,,en,mistral,en,
13561,Omar Raja - ESPN,15,,,,en,mistral,en,
13202,Scru Face Jean,15,,,,en,mistral,en,
12634,MindSmash,15,,,,en,mistral,en,
14996,ForrestKnight,15,,,,en,mistral,en,
12624,FULL SEND Podcast Clips,15,,,,en,mistral,en,
13866,OutOfPocket,15,,,,en,mistral,en,
12593,LIFECKECK MMA,15,,,,pt,mistral,pt,
13874,Eric Jeng,15,,,,en,mistral,en,
17650,Recording Academy / GRAMMYs,15,,,,en,mistral,en,
14468,DissociaDID,15,,,,en,mistral,en,
20484,Kontro,15,,,,pt,mistral,pt,
12836,The Fight Queen,15,,,,en,mistral,en,
25750,FactSpark,15,,,,en,mistral,en,
25834,fantanostreams,15,,,,en,mistral,en,
12584,EliteCut,14,,,,zh,mistral,zh,
14465,AnthonyPadilla,14,,,,en,mistral,en,
14105,FitFix ,14,,,,en,mistral,en,
14678,Anatomy of a Fighter,14,,,,en,mistral,en,
14716,Jimmy Kimmel Live,14,,,,en,mistral,en,
13965,Niko Clips,14,,,,en,mistral,en,
13951,Anna Cramling Clips,14,,,,sv,mistral,sv,
13901,CuriousofGremlinz,14,,,,en,mistral,en,
14959,Meni,14,,,,,none,,
15251,LifeofLogos,14,,,,en,mistral,en,
15259,CashCradle,14,,,,en,mistral,en,
15291,TMG Podcast Highlights,14,,,,en,mistral,en,
15334,Complex Boxing,14,,,,en,mistral,en,
16013,Nahre Sol,14,,,,,none,,
16698,Return Revenge Redemption,14,,,,en,mistral,en,
13298,No Life Shaq,14,,,,en,mistral,en,
17597,KindaCulty,14,,,,en,mistral,en,
17855,* e m m i e *,14,,,,en,mistral,en,
13260,Tatiana Hopper,14,,,,en,mistral,en,
18681,BBC Music,14,,,,en,mistral,en,
20329,QuantPy,14,,,,en,mistral,en,
12822,Physics Girl,14,,,,en,mistral,en,
20797,Sky News,14,,,,en,mistral,en,
21070,Larry Gao,14,,,,en,mistral,en,
22688,Brae Hunziker,14,,,,en,mistral,en,
12700,Rob Mulla,14,,,,en,mistral,en,
23776,Hyper RPG,14,,,,en,mistral,en,
12669,Tim Welch,14,,,,en,mistral,en,
25004,UFC India,14,,,,en,mistral,en,
25049,THE MMA GURU,14,,,,en,mistral,en,
25054,Chappell Roan,14,,,,en,mistral,en,
25063,Faxityy,14,,,,en,mistral,en,
12615,My Analog Journal,14,,,,en,mistral,en,
26317,ThePrimeTime,14,,,,en,mistral,en,
12530,Diegesis,14,,,,de,mistral,de,
19031,Indigo Traveller,13,,,,en,mistral,en,
17172,Robbaz,13,,,,fr,mistral,fr,
13863,BradyYourTutor,13,,,,en,mistral,en,
15821,Ben Shapiro,13,,,,en,mistral,en,
14247,Muse,13,,,,en,mistral,en,
21727,Matt Talks Tech,13,,,,en,mistral,en,
15111,DR,13,,,da,,unicode,da,
20985,Domonique Cynthia,13,,,,en,mistral,en,
13123,Submission Radio,13,,,,en,mistral,en,
13539,Peter Santenello,13,,,,en,mistral,en,
17124,TV3 Danmark,13,,,da,,unicode,da,
12573,Living Big In A Tiny House,13,,,,en,mistral,en,
17644,Lazy Masquerade,13,,,,en,mistral,en,
26901,FreemanWelterweight,13,,,,en,mistral,en,
14355,Fight Lab,13,,,,en,mistral,en,
19538,Stand Out TV,13,,,,en,mistral,en,
15601,Anthony Joshua,13,,,,en,mistral,en,
13236,Dave2D,13,,,,en,mistral,en,
14807,World Boxing Super Series,13,,,,en,mistral,en,
12820,H3 Podcast Highlights,13,,,,en,mistral,en,
15265,Ulysses Aoki,13,,,,ja,mistral,ja,
19681,TV 2 ECHO,13,,,da,,unicode,da,
14432,TyAmongAnimals,13,,,,en,mistral,en,
20677,sami brielle,13,,,,en,mistral,en,
19683,The Voice,13,,,da,,unicode,da,
12685,Tyrone Magnus,13,,,,en,mistral,en,
19366,X Factor TV 2,13,,,da,,unicode,da,
18030,Calfreezy,13,,,,en,mistral,en,
25519,Island Compilations,13,,,,en,mistral,en,
23225,Cals Clips,13,,,,en,mistral,en,
25150,Clean Combat,13,,,,en,mistral,en,
12663,The Black Keys,13,,,,en,mistral,en,
13503,USYK17,13,,,ru,,unicode,ru,
22548,Breaking Bad & Better Call Saul,13,,,,en,mistral,en,
19561,Valentina Victoria,13,,,,es,mistral,es,
13012,NBC News,13,,,,en,mistral,en,
26004,Jimmy’s Random,13,,,,en,mistral,en,
13438,CBS Mornings,13,,,,en,mistral,en,
30990,Dino Guy,12,,,,en,mistral,en,
25426,Track Star*,12,,,,en,mistral,en,
25503,Deepia,12,,,,en,mistral,en,
25615,Sleepless Historian,12,,,,en,mistral,en,
14903,OpenAI,12,,,,en,mistral,en,
14865,AIR Highlights,12,,,,en,mistral,en,
16277,Ukendt Kunstner,12,,,da,,unicode,da,
17154,Frontliner,12,,,,en,mistral,en,
31512,Liam Brown,12,,,,en,mistral,en,
16269,Insider,12,,,,en,mistral,en,
13151,FLAGRANT CLIPS,12,,,,en,mistral,en,
14737,aadrienns,12,,,,en,mistral,en,
19720,Guinqual,12,,,,pt,mistral,pt,
19726,Shan Rizwan in NYC,12,,,,en,mistral,en,
26143,Andrii Khotin,12,,,,,none,,
16247,Ask Henneberg,12,,,,en,mistral,en,
16918,Max Klymenko,12,,,,ru,mistral,ru,
12872,GameClips,12,,,,en,mistral,en,
14589,Genius,12,,,,en,mistral,en,
16121,Paddy The Baddy,12,,,,en,mistral,en,
14520,Polyphonic,12,,,,en,mistral,en,
18767,AMCAMIL OFFICIAL,12,,,,zh,mistral,zh,
29920,TNT Fight Sports,12,,,,en,mistral,en,
14117,USA TODAY,12,,,,en,mistral,en,
27913,Games Night,12,,,,en,mistral,en,
28638,JaidenAnimations,12,,,,en,mistral,en,
16079,SportsNation,12,,,,en,mistral,en,
30339,Coding Jesus (getcracked.io),12,,,,en,mistral,en,
13531,Joma in NYC,12,,,,en,mistral,en,
16033,WWE,12,,,,en,mistral,en,
17836,SaifShawaf,12,,,,ar,mistral,ar,
17639,bad snacks,12,,,,en,mistral,en,
13117,Left - handed world,12,,,,en,mistral,en,
13114,Mild Mambo Club,12,,,es,,unicode,es,
13113,TV 2 Kosmopol,12,,,da,,unicode,da,
12751,Fire,12,,,,en,mistral,en,
31056,RMSC,12,,,,en,mistral,en,
21932,BROTHER,12,,,,ja,mistral,ja,
22070,Michael Grankvist Sørensen,12,,,da,,unicode,da,
13014,Rob Squad Reactions,12,,,,en,mistral,en,
19285,What's Good Podcast,12,,,,en,mistral,en,
22212,Matematikcenter,12,,,da,,unicode,da,
22253,Duaffy,12,,,,zh,mistral,zh,
12499,Colonel Damneders,12,,,,en,mistral,en,
19320,Kender du det,12,,,da,,unicode,da,
12630,Doctor Atousa,12,,,,,none,,
18816,The Organic Chemistry Tutor,12,,,,en,mistral,en,
13581,SpikeLeak,12,,,,en,mistral,en,
15514,MMADIVE,12,,,,ru,mistral,ru,
25001,Willie Spence,12,,,,en,mistral,en,
15445,Washington Post,12,,,,en,mistral,en,
25018,Caroline Winkler,12,,,,de,mistral,de,
14245,Hans Niemann,12,,,,en,mistral,en,
13462,Doug Araujo,12,,,,pt,mistral,pt,
16613,Literally Starving,12,,,,en,mistral,en,
18915,Game of Thrones Clips,12,,,,en,mistral,en,
16560,David Durán Huidobro,12,,,,es,mistral,es,
15299,FunkMasterMMA,12,,,,en,mistral,en,
16401,Tupacking,12,,,,es,mistral,es,
13495,Fred again . .,12,,,,en,mistral,en,
19504,Carlie & Ange,12,,,,en,mistral,en,
15187,Ken Jee,12,,,,zh,mistral,zh,
13788,"Tyler, The Creator",12,,,,en,mistral,en,
13374,MooSports,12,,,,en,mistral,en,
25383,The Coding Sloth,12,,,,en,mistral,en,
14267,Quizard AI,11,,,,en,mistral,en,
22141,EliteBoxing HD,11,,,,es,mistral,es,
25294,ObeCte,11,,,,zh,mistral,zh,
12540,MMA BOXING SHORTS,11,,,,en,mistral,en,
13644,CavemanJackReacts,11,,,,en,mistral,en,
14290,Stoshpicks,11,,,,en,mistral,en,
22384,BCG in the Nordics,11,,,,,none,,
22457,7th Hour Films,11,,,,en,mistral,en,
25922,CageClassics,11,,,,en,mistral,en,
25505,Anthony Bourdain Parts Unknown,11,,,,en,mistral,en,
14738,BRADLEY MARTYN'S RAW TALK CLIPS,11,,,,en,mistral,en,
25581,Egor Howell,11,,,,en,mistral,en,
15758,megaking,11,,,,en,mistral,en,
30001,Vroeger Was Alles Beter,11,,,,nl,mistral,nl,
16661,Nicholas Burdo,11,,,,en,mistral,en,
25820,Christine Jiang,11,,,,zh,mistral,zh,
25405,LeanBeefPatty,11,,,,en,mistral,en,
15192,Rummy's Corner,11,,,,en,mistral,en,
15356,TBSkyen Shorts,11,,,,en,mistral,en,
15674,The Dodo,11,,,,en,mistral,en,
18062,TheWeekndVEVO,11,,,,en,mistral,en,
13928,Rob Has a Podcast,11,,,,en,mistral,en,
14428,Capitalset,11,,,,en,mistral,en,
14816,mayuko,11,,,,ja,mistral,ja,
13246,Navie D,11,,,,fr,mistral,fr,
13156,Mindful Motivation,11,,,,en,mistral,en,
17364,mainevent,11,,,,en,mistral,en,
20726,neezz,11,,,,de,mistral,de,
20331,Apple TV,11,,,,en,mistral,en,
20213,Kidology,11,,,,en,mistral,en,
15318,Suga,11,,,,en,mistral,en,
18506,Flashback FM,11,,,,en,mistral,en,
13283,Meami,11,,,,ja,mistral,ja,
13289,Freeman,11,,,,en,mistral,en,
13292,IBM Technology,11,,,,en,mistral,en,
20189,The Homies,11,,,,en,mistral,en,
14566,RussellMuscleTV,11,,,,en,mistral,en,
16732,NegativeFeedback,11,,,,en,mistral,en,
30020,Netflix Sports,11,,,,en,mistral,en,
25500,Combat Donnie,11,,,,en,mistral,en,
26496,JAXXON PODCAST,11,,,,en,mistral,en,
29252,Citrike,11,,,,de,mistral,de,
29966,Krystalogy Reacts,11,,,,en,mistral,en,
21155,Flynn Hendry,11,,,,en,mistral,en,
13896,Calfkicker Clips,11,,,,en,mistral,en,
21542,Futives,11,,,,en,mistral,en,
21703,MAC React,11,,,,en,mistral,en,
14638,MMA Squad,11,,,,en,mistral,en,
13107,TEAM MMA,11,,,,pt,mistral,pt,
15845,Blogothèque,11,,,,fr,mistral,fr,
14208,Tourism Holdings Limited,11,,,,en,mistral,en,
21825,Claire Cottrill,11,,,,en,mistral,en,
15774,Boxing Culture,11,,,,en,mistral,en,
12913,Luetin09,11,,,,en,mistral,en,
12585,Kraig Adams,11,,,,en,mistral,en,
13376,Rikke Voss,11,,,,da,mistral,da,
14371,Colby Martel,11,,,,en,mistral,en,
17425,Helen Yee Sports,10,,,,en,mistral,en,
17235,True Geordie,10,,,,en,mistral,en,
17197,Value Select,10,,,,en,mistral,en,
17087,A24,10,,,,en,mistral,en,
31391,Nicolai Nielsen,10,,,,da,mistral,da,
13361,NEOPUNKFM,10,,,,en,mistral,en,
16986,Rotten Tomatoes TV,10,,,,en,mistral,en,
13386,Doctor Mike,10,,,,en,mistral,en,
16865,Jubilee,10,,,,en,mistral,en,
13415,SunnyV2,10,,,,en,mistral,en,
19372,Benal (Official),10,,,da,,unicode,da,
19373,Rap Slam Battles,10,,,da,,unicode,da,
19394,alina adzika,10,,,,ru,mistral,ru,
16572,Last Stand Podcast with Brian Custer,10,,,,en,mistral,en,
13467,Put You On,10,,,,en,mistral,en,
16300,Dos Cavazos,10,,,,es,mistral,es,
19535,표은지Eunji Pyoapple,10,,,ko,,unicode,ko,
12908,yvette young,10,,,,en,mistral,en,
19700,Netcompany,10,,,,en,mistral,en,
12894,Thaboxingvoice,10,,,,en,mistral,en,
20124,KendrickLamarVEVO,10,,,,en,mistral,en,
16179,FredJack's Fights,10,,,,en,mistral,en,
12505,Route 500,10,,,,en,mistral,en,
20721,dontfckwme,10,,,,en,mistral,en,
12764,Mythical Kitchen,10,,,,en,mistral,en,
20745,Cognito FROLAB,10,,,,en,mistral,en,
12501,Senpai Kai,10,,,,ja,mistral,ja,
15889,Welch Labs,10,,,,en,mistral,en,
21069,Flammable Maths,10,,,,en,mistral,en,
13553,Mojave,10,,,,en,mistral,en,
12728,Inside Edition,10,,,,en,mistral,en,
15761,AquaFighting,10,,,,en,mistral,en,
12703,jtcLIVE,10,,,,en,mistral,en,
22173,Summit,10,,,,en,mistral,en,
22187,Melanie Faye,10,,,,en,mistral,en,
23336,CBS,10,,,,en,mistral,en,
23640,Fridthjof Film,10,,,da,,unicode,da,
14165,RealLifeLore,10,,,,en,mistral,en,
24353,Økonomichefen,10,,,da,,unicode,da,
12672,Iron Chef Dad,10,,,,en,mistral,en,
15441,Bare Knuckle Fighting Championship,10,,,,en,mistral,en,
25059,Tom Aspinall Official,10,,,,en,mistral,en,
13658,Cory ‘The Sandman’ Sandhagen,10,,,,en,mistral,en,
15393,TED,10,,,,en,mistral,en,
25086,Scoot,10,,,,en,mistral,en,
30427,Mike & Alexis,10,,,,en,mistral,en,
25161,Anna Munch,10,,,da,,unicode,da,
13773,OfficeHanchoBoxing,10,,,,en,mistral,en,
13781,BLTV Extra,10,,,,en,mistral,en,
25319,Full Violence ™,10,,,,en,mistral,en,
13796,Golden Boy Boxing,10,,,,en,mistral,en,
13840,The Comments Section with Brett Cooper,10,,,,en,mistral,en,
14971,YOUNG DABO,10,,,,ko,mistral,ko,
14939,Dominic Barry,10,,,,en,mistral,en,
14909,Mac DeMarco,10,,,,en,mistral,en,
25655,Cinema Therapy,10,,,,en,mistral,en,
14828,Meme View,10,,,,en,mistral,en,
14782,Favour,10,,,,en,mistral,en,
13925,Madlib Invazion,10,,,,en,mistral,en,
14739,Joe Weller,10,,,,en,mistral,en,
25855,Art of Creation,10,,,,en,mistral,en,
25906,anything goes with emma chamberlain,10,,,,en,mistral,en,
14729,Bradley Martyn,10,,,,en,mistral,en,
14683,DAZN X Series,10,,,,en,mistral,en,
14652,Iamvboogie ,10,,,,en,mistral,en,
14642,University of Auckland | Waipapa Taumata Rau,10,,,,en,mistral,en,
26347,Reacts With Jax,10,,,,en,mistral,en,
26534,LEMMiNO,10,,,,de,mistral,de,
26618,Taylor O’Higgins,10,,,,en,mistral,en,
26681,Cloister,10,,,,en,mistral,en,
14086,SurvivorObsession,10,,,,en,mistral,en,
27157,Allonsyyy,10,,,,fr,mistral,fr,
12525,MMA Bouts,10,,,,en,mistral,en,
14514,HoodVlogs,10,,,,en,mistral,en,
27764,Alex Poatan Pereira,10,,,,pt,mistral,pt,
14424,Entertainment Weekly,10,,,,en,mistral,en,
18096,MrBeast,10,,,,en,mistral,en,
13247,LADbible TV,10,,,,en,mistral,en,
18147,The Cyber Nerds,10,,,,en,mistral,en,
17887,HyperXAbhyuday,10,,,,en,mistral,en,
17665,TaylorSwiftVEVO,10,,,,en,mistral,en,
